[
  {
    "id": "823e271b-7453-45e8-9a6d-2e02d216aecd",
    "data": [
      {
        "text": "mention ",
        "userDefined": false
      },
      {
        "text": "dui",
        "meta": "@DUI_test",
        "alias": "DUI_test",
        "userDefined": true
      }
    ],
    "isTemplate": false,
    "count": 0,
    "lang": "en",
    "updated": 0
  },
  {
    "id": "595c39bc-9a94-4ce6-a8b4-5ee518f213e1",
    "data": [
      {
        "text": "mention ",
        "userDefined": false
      },
      {
        "text": "bloodloss",
        "meta": "@bloodloss",
        "alias": "bloodloss",
        "userDefined": true
      }
    ],
    "isTemplate": false,
    "count": 0,
    "lang": "en",
    "updated": 0
  },
  {
    "id": "3b34975d-0172-43e4-b65c-f74c139215b3",
    "data": [
      {
        "text": "mention to mailid ",
        "userDefined": false
      },
      {
        "text": "vishalsivaraman5@gmail.com",
        "meta": "@sys.email",
        "alias": "email",
        "userDefined": true
      }
    ],
    "isTemplate": false,
    "count": 0,
    "lang": "en",
    "updated": 0
  },
  {
    "id": "f121fe89-41f4-4046-b830-c943f397da52",
    "data": [
      {
        "text": "mention ",
        "userDefined": false
      },
      {
        "text": "country",
        "meta": "@sys.geo-country-code",
        "alias": "geo-country-code",
        "userDefined": true
      }
    ],
    "isTemplate": false,
    "count": 0,
    "lang": "en",
    "updated": 0
  },
  {
    "id": "f2a81415-ece4-4248-bcf9-11eb79c4eade",
    "data": [
      {
        "text": "mention ",
        "userDefined": false
      },
      {
        "text": "address",
        "meta": "@sys.address",
        "alias": "address",
        "userDefined": true
      }
    ],
    "isTemplate": false,
    "count": 0,
    "lang": "en",
    "updated": 0
  },
  {
    "id": "a956030e-6ae2-4d39-a744-39eeeb98fc39",
    "data": [
      {
        "text": "have sent for health care to be dispatched ",
        "userDefined": false
      },
      {
        "text": "now",
        "meta": "@sys.date-time",
        "alias": "date-time",
        "userDefined": true
      }
    ],
    "isTemplate": false,
    "count": 0,
    "lang": "en",
    "updated": 0
  },
  {
    "id": "8a8a3a0a-0dbc-48e7-8930-e02f202c3188",
    "data": [
      {
        "text": "ping s report to phone number ",
        "userDefined": false
      },
      {
        "text": "9500078205",
        "meta": "@sys.phone-number",
        "alias": "phone-number",
        "userDefined": false
      }
    ],
    "isTemplate": false,
    "count": 0,
    "lang": "en",
    "updated": 0
  },
  {
    "id": "66c9bf46-240d-4bb1-a14f-22bc9d5b44c9",
    "data": [
      {
        "text": "pain caused by ",
        "userDefined": false
      },
      {
        "text": "injury",
        "meta": "@pain_scale",
        "alias": "pain_scale",
        "userDefined": true
      }
    ],
    "isTemplate": false,
    "count": 0,
    "lang": "en",
    "updated": 0
  },
  {
    "id": "46b5bbdf-a6a6-40d0-a757-89f16e48b7ae",
    "data": [
      {
        "text": "pain ",
        "userDefined": false
      },
      {
        "text": "nature",
        "meta": "@injury_nature",
        "alias": "injury_nature",
        "userDefined": true
      }
    ],
    "isTemplate": false,
    "count": 0,
    "lang": "en",
    "updated": 0
  },
  {
    "id": "1ae064c3-b655-4f5c-86d4-9de385d58dba",
    "data": [
      {
        "text": "diverting  ",
        "userDefined": false
      },
      {
        "text": "attention",
        "meta": "@trauma_expert",
        "alias": "trauma_expert",
        "userDefined": true
      }
    ],
    "isTemplate": false,
    "count": 0,
    "lang": "en",
    "updated": 0
  },
  {
    "id": "d27c8b5e-feed-4091-b19b-411d0ede3bca",
    "data": [
      {
        "text": "i am down",
        "userDefined": false
      }
    ],
    "isTemplate": false,
    "count": 0,
    "lang": "en",
    "updated": 0
  },
  {
    "id": "4ac1d493-d6ae-44bd-9234-1054c007cfe1",
    "data": [
      {
        "text": "i am hit",
        "userDefined": false
      }
    ],
    "isTemplate": false,
    "count": 0,
    "lang": "en",
    "updated": 0
  },
  {
    "id": "045089a4-3d94-4195-a21c-333733f73107",
    "data": [
      {
        "text": "i am injured",
        "userDefined": false
      }
    ],
    "isTemplate": false,
    "count": 0,
    "lang": "en",
    "updated": 0
  },
  {
    "id": "5ab0437a-b72a-415d-8495-b544e29ed244",
    "data": [
      {
        "text": "am i dying",
        "userDefined": false
      }
    ],
    "isTemplate": false,
    "count": 0,
    "lang": "en",
    "updated": 0
  },
  {
    "id": "54a89ecc-1a93-4900-982f-2672f59c8f5f",
    "data": [
      {
        "text": "analyse my health",
        "userDefined": false
      }
    ],
    "isTemplate": false,
    "count": 0,
    "lang": "en",
    "updated": 0
  },
  {
    "id": "34ac2a0c-c917-4565-99cf-92509029cbda",
    "data": [
      {
        "text": "please help me",
        "userDefined": false
      }
    ],
    "isTemplate": false,
    "count": 0,
    "lang": "en",
    "updated": 0
  }
]