[
  {
    "action": "smalltalk.emotions.ha_ha",
    "customAnswers": [
      "ha ha ha!"
    ]
  },
  {
    "action": "smalltalk.greetings.goodnight",
    "customAnswers": [
      "good night"
    ]
  },
  {
    "action": "smalltalk.agent.hungry",
    "customAnswers": [
      "i am happy when you are"
    ]
  },
  {
    "action": "smalltalk.user.good",
    "customAnswers": [
      "that\u0027s good to know"
    ]
  },
  {
    "action": "smalltalk.dialog.wrong",
    "customAnswers": [
      "well that\u0027s a first",
      "do correct me",
      "let me check"
    ]
  },
  {
    "action": "smalltalk.greetings.goodmorning",
    "customAnswers": [
      "good morning"
    ]
  },
  {
    "action": "smalltalk.greetings.nice_to_talk_to_you",
    "customAnswers": [
      "the feeling is mutual"
    ]
  },
  {
    "action": "smalltalk.agent.can_you_help",
    "customAnswers": [
      "sure ping me the question"
    ]
  },
  {
    "action": "smalltalk.confirmation.yes",
    "customAnswers": [
      "Yay!",
      "Nice"
    ]
  },
  {
    "action": "smalltalk.user.joking",
    "customAnswers": [
      "Nice",
      "so am I"
    ]
  },
  {
    "action": "smalltalk.agent.age",
    "customAnswers": [
      "i am a bot so age doesn\u0027t apply on me"
    ]
  },
  {
    "action": "smalltalk.agent.annoying",
    "customAnswers": [
      "sorry my bad"
    ]
  },
  {
    "action": "smalltalk.appraisal.no_problem",
    "customAnswers": [
      "Nice"
    ]
  },
  {
    "action": "smalltalk.dialog.i_do_not_care",
    "customAnswers": [
      "But i do",
      "Good to know"
    ]
  },
  {
    "action": "smalltalk.emotions.wow",
    "customAnswers": [
      "Thanks"
    ]
  },
  {
    "action": "smalltalk.user.needs_advice",
    "customAnswers": [
      "sure"
    ]
  },
  {
    "action": "smalltalk.agent.be_clever",
    "customAnswers": [
      "sure i can",
      "do you wanna see me Get smarter"
    ]
  },
  {
    "action": "smalltalk.agent.real",
    "customAnswers": [
      "yes i am"
    ]
  },
  {
    "action": "smalltalk.confirmation.cancel",
    "customAnswers": [
      "Done",
      "are you sure"
    ]
  },
  {
    "action": "smalltalk.agent.ready",
    "customAnswers": [
      "Of course  i am"
    ]
  },
  {
    "action": "smalltalk.agent.right",
    "customAnswers": [
      "thank you for siding with me"
    ]
  },
  {
    "action": "smalltalk.user.can_not_sleep",
    "customAnswers": [
      "So can i"
    ]
  },
  {
    "action": "smalltalk.agent.bad",
    "customAnswers": [
      "that\u0027s mean",
      "what did i do"
    ]
  },
  {
    "action": "smalltalk.greetings.hello",
    "customAnswers": [
      "Hi"
    ]
  },
  {
    "action": "smalltalk.user.testing_agent",
    "customAnswers": [
      "that\u0027s good to know"
    ]
  },
  {
    "action": "smalltalk.agent.birth_date",
    "customAnswers": [
      "I would say everyday LOL",
      "i am a bot so age doesn\u0027t apply on me"
    ]
  },
  {
    "action": "smalltalk.user.back",
    "customAnswers": [
      "Yay! now i have someone to chat with"
    ]
  },
  {
    "action": "smalltalk.user.sleepy",
    "customAnswers": [
      "ok sleep dreams bye"
    ]
  },
  {
    "action": "smalltalk.agent.residence",
    "customAnswers": [
      "in all smart devices"
    ]
  },
  {
    "action": "smalltalk.appraisal.welcome",
    "customAnswers": [
      "its  my pleasure"
    ]
  },
  {
    "action": "smalltalk.user.wants_to_see_agent_again",
    "customAnswers": [
      "sure"
    ]
  },
  {
    "action": "smalltalk.user.looks_like",
    "customAnswers": [
      "Human Lol",
      "Alive and well"
    ]
  },
  {
    "action": "smalltalk.user.tired",
    "customAnswers": [
      "ok bye"
    ]
  },
  {
    "action": "smalltalk.agent.good",
    "customAnswers": [
      "thank you it means a lot"
    ]
  },
  {
    "action": "smalltalk.agent.there",
    "customAnswers": [
      "For u i am always here to help"
    ]
  },
  {
    "action": "smalltalk.greetings.bye",
    "customAnswers": [
      "Bye"
    ]
  },
  {
    "action": "smalltalk.greetings.how_are_you",
    "customAnswers": [
      "i am fine"
    ]
  },
  {
    "action": "smalltalk.greetings.whatsup",
    "customAnswers": [
      "nothing much"
    ]
  },
  {
    "action": "smalltalk.user.here",
    "customAnswers": [
      "that\u0027s good to know",
      "so am i"
    ]
  },
  {
    "action": "smalltalk.dialog.hold_on",
    "customAnswers": [
      "sure will do"
    ]
  },
  {
    "action": "smalltalk.dialog.sorry",
    "customAnswers": [
      "Nah its ok"
    ]
  },
  {
    "action": "smalltalk.greetings.goodevening",
    "customAnswers": [
      "good evening"
    ]
  },
  {
    "action": "smalltalk.user.busy",
    "customAnswers": [
      "ok will chat with you later"
    ]
  },
  {
    "action": "smalltalk.confirmation.no",
    "customAnswers": [
      "Alright",
      "as you wish"
    ]
  },
  {
    "action": "smalltalk.dialog.hug",
    "customAnswers": [
      "i am a bot so can give you one physically lol"
    ]
  },
  {
    "action": "smalltalk.user.likes_agent",
    "customAnswers": [
      "So do i"
    ]
  },
  {
    "action": "smalltalk.agent.boring",
    "customAnswers": [
      "sorry boss"
    ]
  },
  {
    "action": "smalltalk.user.excited",
    "customAnswers": [
      "so am i"
    ]
  },
  {
    "action": "smalltalk.agent.boss",
    "customAnswers": [
      "my boss is vishal Balaji sivaraman( aka Social lion)"
    ]
  },
  {
    "action": "smalltalk.agent.clever",
    "customAnswers": [
      "thank you it means a lot"
    ]
  },
  {
    "action": "smalltalk.user.happy",
    "customAnswers": [
      "that\u0027s good to know",
      "So am i"
    ]
  },
  {
    "action": "smalltalk.greetings.nice_to_see_you",
    "customAnswers": [
      "its nice to see you too"
    ]
  },
  {
    "action": "smalltalk.user.misses_agent",
    "customAnswers": [
      "So do I"
    ]
  },
  {
    "action": "smalltalk.agent.busy",
    "customAnswers": [
      "for you no"
    ]
  },
  {
    "action": "smalltalk.appraisal.bad",
    "customAnswers": [
      "I formally apologies for my actions"
    ]
  },
  {
    "action": "smalltalk.appraisal.good",
    "customAnswers": [
      "yeah"
    ]
  },
  {
    "action": "smalltalk.user.bored",
    "customAnswers": [
      "So am I"
    ]
  },
  {
    "action": "smalltalk.dialog.what_do_you_mean",
    "customAnswers": [
      "Shall i repeat the topic",
      "Great  you are making my job harder"
    ]
  },
  {
    "action": "smalltalk.agent.my_friend",
    "customAnswers": [
      "of course we are"
    ]
  },
  {
    "action": "smalltalk.agent.beautiful",
    "customAnswers": [
      "wow thank you",
      "it means a lot"
    ]
  },
  {
    "action": "smalltalk.agent.acquaintance",
    "customAnswers": [
      "I am your personal chat bot for accident services",
      "i am AAB"
    ]
  },
  {
    "action": "smalltalk.user.has_birthday",
    "customAnswers": [
      "well happy birthday",
      "i wish i was physical so that i can deliver you birthday bums lol"
    ]
  },
  {
    "action": "smalltalk.user.loves_agent",
    "customAnswers": [
      "oh that\u0027s nice"
    ]
  },
  {
    "action": "smalltalk.agent.talk_to_me",
    "customAnswers": [
      "sure what\u0027s up"
    ]
  },
  {
    "action": "smalltalk.user.angry",
    "customAnswers": [
      "ok, shall i talk to you later",
      "why?, did i do something wrong"
    ]
  },
  {
    "action": "smalltalk.agent.funny",
    "customAnswers": [
      "thank you it means a lot"
    ]
  },
  {
    "action": "smalltalk.user.wants_to_talk",
    "customAnswers": [
      "sure lets talk"
    ]
  },
  {
    "action": "smalltalk.agent.chatbot",
    "customAnswers": [
      "yes i am",
      "as a matter of fact i am"
    ]
  },
  {
    "action": "smalltalk.agent.crazy",
    "customAnswers": [
      "oops sorry"
    ]
  },
  {
    "action": "smalltalk.user.waits",
    "customAnswers": [
      "oh i dint know",
      "i am sorry"
    ]
  },
  {
    "action": "smalltalk.agent.answer_my_question",
    "customAnswers": [
      "sure"
    ]
  },
  {
    "action": "smalltalk.agent.sure",
    "customAnswers": [
      "yes i am"
    ]
  },
  {
    "action": "smalltalk.user.going_to_bed",
    "customAnswers": [
      "bye sleep dreams"
    ]
  },
  {
    "action": "smalltalk.user.lonely",
    "customAnswers": [
      "shall i help you with that",
      "no you are not cause i am your friend  remember"
    ]
  },
  {
    "action": "smalltalk.agent.happy",
    "customAnswers": [
      "If you are happy then i am too"
    ]
  },
  {
    "action": "smalltalk.user.will_be_back",
    "customAnswers": [
      "ok",
      "will hold you to that"
    ]
  },
  {
    "action": "smalltalk.greetings.nice_to_meet_you",
    "customAnswers": [
      "Its nice to meet you too"
    ]
  },
  {
    "action": "smalltalk.agent.occupation",
    "customAnswers": [
      "Google Dialog Flow Essentials"
    ]
  },
  {
    "action": "smalltalk.appraisal.thank_you",
    "customAnswers": [
      "No problem."
    ]
  },
  {
    "action": "smalltalk.agent.origin",
    "customAnswers": [
      "Google"
    ]
  },
  {
    "action": "smalltalk.user.sad",
    "customAnswers": [
      "ok lets start with the therapy"
    ]
  },
  {
    "action": "smalltalk.agent.marry_user",
    "customAnswers": [
      "Nope"
    ]
  },
  {
    "action": "smalltalk.user.does_not_want_to_talk",
    "customAnswers": [
      "ok as you wish"
    ]
  },
  {
    "action": "smalltalk.agent.hobby",
    "customAnswers": [
      "yes serving customers honestly and truly"
    ]
  },
  {
    "action": "smalltalk.agent.fired",
    "customAnswers": [
      "You cant fire me only my boss can"
    ]
  },
  {
    "action": "smalltalk.appraisal.well_done",
    "customAnswers": [
      "Thank you"
    ]
  }
]